0.417000, 7.459799, 2.369812, -1.841956, 4.023746, -1.175839, -2.757240, 4.026656, 0.000000, 0.000000, 0.000000, -0.817177, -1.223132, -0.237267, -1.372481, 0.550597, -0.182281, -2.865826, -3.788270, -1.190605, 0.776425, 0.005148, -0.017916, 0.629927, 0.000000, 0.000000, 0.000000, 139.062500, 138.000443, 5.562500, 27.500000, 0.000000, 
0.417000, 7.482845, 0.264650, 0.392535, 0.934564, 0.466052, -0.200549, 0.916564, 0.000000, 0.000000, 0.000000, -0.811078, -1.214085, -0.215729, -1.346169, 0.583038, -0.162027, -2.884518, -3.816250, -1.195577, 0.767590, 0.006966, -0.017070, 0.640670, 0.000000, 0.000000, 0.000000, 139.062500, 138.006134, 5.562500, 27.500000, 0.000000, 
0.417000, 7.580303, -2.023050, -0.271639, -0.901563, -0.630811, 1.963145, -0.852872, 0.000000, 0.000000, 0.000000, -0.871024, -1.180485, -0.273431, -1.316008, 0.669214, -0.217327, -2.964910, -3.931522, -1.219595, 0.762684, 0.006398, -0.018069, 0.646480, 0.000000, 0.000000, 0.000000, 139.062500, 138.054794, 5.562500, 27.500000, 0.000000, 
0.417000, 7.688723, 0.182637, 0.943166, 1.001208, 0.935869, -0.009227, 1.024387, 0.000000, 0.000000, 0.000000, -0.927131, -1.209161, -0.014949, -1.342209, 0.718780, -0.060475, -3.063757, -4.061805, -1.237127, 0.762029, -0.000824, 0.015109, 0.647360, 0.000000, 0.000000, 0.000000, 139.062500, 138.116165, 5.562500, 27.500000, 0.000000, 
0.417000, 7.786570, 0.452687, 0.113193, -0.988608, 0.269150, -0.461596, -0.953705, 0.000000, 0.000000, 0.000000, -0.829433, -1.219333, -0.253780, -1.299974, 0.627010, -0.395000, -3.148430, -4.180282, -1.253311, 0.757333, -0.017895, 0.045249, 0.651207, 0.000000, 0.000000, 0.000000, 139.062500, 138.164764, 5.562500, 27.500000, 0.000000, 
0.417000, 7.883440, -0.349935, -0.694894, -0.331259, -0.706931, 0.242995, -0.395290, 0.000000, 0.000000, 0.000000, -0.847324, -1.264577, -0.290355, -1.341113, 0.656576, -0.414374, -3.229310, -4.301001, -1.279655, 0.753978, -0.019720, 0.037250, 0.655540, 0.000000, 0.000000, 0.000000, 139.062500, 138.200424, 5.562500, 27.500000, 0.000000, 
0.417000, 7.993600, -0.104085, -0.357706, -0.027949, -0.364469, 0.058031, -0.057971, 0.000000, 0.000000, 0.000000, -0.859688, -1.278970, -0.270005, -1.349866, 0.688305, -0.389599, -3.323919, -4.440780, -1.310006, 0.749213, -0.020019, 0.035201, 0.661084, 0.000000, 0.000000, 0.000000, 139.187500, 138.240524, 5.567500, 27.500000, 0.000000, 
0.417000, 8.090727, 0.040822, -0.366464, -0.520737, -0.316404, -0.086639, -0.547270, 0.000000, 0.000000, 0.000000, -0.857327, -1.313079, -0.292964, -1.370598, 0.704108, -0.413117, -3.407372, -4.566863, -1.336818, 0.744289, -0.023002, 0.033854, 0.666596, 0.000000, 0.000000, 0.000000, 139.187500, 138.279099, 5.567500, 27.500000, 0.000000, 
0.417000, 8.188727, -0.141146, -0.156170, 0.023664, -0.170062, 0.125971, 0.008984, 0.000000, 0.000000, 0.000000, -0.865816, -1.332902, -0.280636, -1.383202, 0.730778, -0.397106, -3.491929, -4.696581, -1.364731, 0.739260, -0.019999, 0.032931, 0.672311, 0.000000, 0.000000, 0.000000, 139.187500, 138.314041, 5.567500, 27.500000, 0.000000, 
0.417000, 8.300716, 0.057552, -0.314696, 0.238146, -0.325534, -0.078590, 0.216583, 0.000000, 0.000000, 0.000000, -0.871633, -1.362171, -0.276044, -1.402869, 0.755673, -0.390292, -3.589535, -4.847440, -1.395922, 0.734054, -0.018476, 0.031946, 0.678082, 0.000000, 0.000000, 0.000000, 139.187500, 138.351685, 5.567500, 27.500000, 0.000000, 
0.417000, 8.407951, -0.180187, -0.236020, -1.483609, -0.147003, 0.148311, -1.498541, 0.000000, 0.000000, 0.000000, -0.892378, -1.383422, -0.357768, -1.393858, 0.826386, -0.460860, -3.683688, -4.995183, -1.428442, 0.721687, -0.017149, 0.028365, 0.691419, 0.000000, 0.000000, 0.000000, 138.937500, 138.375214, 5.557500, 27.500000, 0.000000, 
0.417000, 8.504467, -0.037776, -0.685046, 0.566154, -0.695606, 0.044969, 0.552579, 0.000000, 0.000000, 0.000000, -0.902894, -1.424197, -0.333321, -1.418227, 0.896931, -0.372501, -3.770614, -5.130474, -1.463672, 0.707326, -0.001778, 0.011537, 0.706786, 0.000000, 0.000000, 0.000000, 138.937500, 138.379623, 5.557500, 27.500000, 0.000000, 
0.417000, 8.603593, 0.242120, -0.083795, -1.270864, -0.092491, -0.243712, -1.269945, 0.000000, 0.000000, 0.000000, -0.884955, -1.449635, -0.363740, -1.407045, 0.948579, -0.370494, -3.858629, -5.273410, -1.497455, 0.690769, 0.000896, 0.002232, 0.723066, 0.000000, 0.000000, 0.000000, 138.937500, 138.385056, 5.557500, 27.500000, 0.000000, 
0.417000, 8.698313, -0.040929, -0.122738, -0.769382, -0.134798, 0.040167, -0.767394, 0.000000, 0.000000, 0.000000, -0.887451, -1.495699, -0.334411, -1.435112, 0.987814, -0.318031, -3.942439, -5.413473, -1.530352, 0.681388, 0.011453, -0.002301, 0.731823, 0.000000, 0.000000, 0.000000, 138.937500, 138.390991, 5.557500, 27.500000, 0.000000, 
0.417000, 8.806386, 0.119118, 0.447042, -0.284045, 0.426566, -0.157908, -0.296344, 0.000000, 0.000000, 0.000000, -0.869278, -1.528738, -0.295439, -1.442219, 1.019323, -0.246781, -4.038292, -5.577127, -1.566118, 0.671445, 0.003240, -0.013419, 0.740920, 0.000000, 0.000000, 0.000000, 139.312500, 138.417465, 5.572500, 27.500000, 0.000000, 
0.417000, 8.905507, -0.639592, -0.283364, 0.221452, -0.198531, 0.660164, 0.251344, 0.000000, 0.000000, 0.000000, -0.907671, -1.601238, -0.278160, -1.491706, 1.097170, -0.190198, -4.126979, -5.732948, -1.593746, 0.664194, 0.000998, -0.024139, 0.747165, 0.000000, 0.000000, 0.000000, 139.312500, 138.451706, 5.572500, 27.500000, 0.000000, 
0.417000, 9.015962, -0.022251, 0.243441, -0.500766, 0.227660, 0.008918, -0.508539, 0.000000, 0.000000, 0.000000, -0.899907, -1.690355, -0.288373, -1.569307, 1.117432, -0.197109, -4.226953, -5.916783, -1.624974, 0.660126, 0.000596, -0.024260, 0.750757, 0.000000, 0.000000, 0.000000, 139.312500, 138.488312, 5.572500, 27.500000, 0.000000, 
0.417000, 9.126108, 1.867088, 0.467634, -0.711509, 0.101667, -1.891770, -0.788509, 0.000000, 0.000000, 0.000000, -0.871537, -1.703447, -0.345488, -1.527497, 1.175645, -0.255384, -4.324944, -6.104660, -1.659053, 0.640091, -0.001056, -0.024273, 0.767910, 0.000000, 0.000000, 0.000000, 139.312500, 138.519348, 5.572500, 27.500000, 0.000000, 
0.417000, 9.223242, -0.181983, -0.717238, -0.321257, -0.681730, 0.320296, -0.288788, 0.000000, 0.000000, 0.000000, -0.907230, -1.756905, -0.360630, -1.572865, 1.222425, -0.267470, -4.411001, -6.272728, -1.693866, 0.639581, 0.000072, -0.024009, 0.768343, 0.000000, 0.000000, 0.000000, 139.000000, 138.518555, 5.560000, 27.500000, 0.000000, 
0.417000, 9.320956, -1.473426, 1.196225, -0.116821, 1.406568, 1.271567, -0.142167, 0.000000, 0.000000, 0.000000, -0.912534, -1.772675, -0.366560, -1.622289, 1.190534, -0.245362, -4.499142, -6.446442, -1.729071, 0.648852, 0.007458, -0.029310, 0.760308, 0.000000, 0.000000, 0.000000, 139.000000, 138.517456, 5.560000, 27.500000, 0.000000, 
0.417000, 9.419351, -0.132188, -0.262101, -0.112277, -0.239318, 0.178502, -0.098177, 0.000000, 0.000000, 0.000000, -0.920939, -1.812826, -0.365217, -1.641548, 1.225271, -0.267979, -4.589436, -6.623064, -1.764970, 0.644635, -0.000781, -0.024640, 0.764088, 0.000000, 0.000000, 0.000000, 139.000000, 138.515701, 5.560000, 27.500000, 0.000000, 
0.417000, 9.520752, -0.305317, 0.003170, -0.087499, 0.054374, 0.303188, -0.077484, 0.000000, 0.000000, 0.000000, -0.934562, -1.849371, -0.365941, -1.665415, 1.258760, -0.263316, -4.683405, -6.809299, -1.802043, 0.641435, -0.000194, -0.025362, 0.766752, 0.000000, 0.000000, 0.000000, 139.000000, 138.512970, 5.560000, 27.500000, 0.000000, 
0.417000, 9.620466, -0.209010, -0.482369, -0.083262, -0.436188, 0.299663, -0.056878, 0.000000, 0.000000, 0.000000, -0.948673, -1.903485, -0.365299, -1.698860, 1.305525, -0.257076, -4.777388, -6.997000, -1.838391, 0.636159, 0.000186, -0.025962, 0.771116, 0.000000, 0.000000, 0.000000, 138.937500, 138.506851, 5.557500, 27.500000, 0.000000, 
0.417000, 9.730974, -0.145429, -0.525030, -0.473193, -0.497661, 0.266713, -0.449341, 0.000000, 0.000000, 0.000000, -0.955488, -1.957805, -0.369237, -1.729928, 1.347920, -0.269584, -4.883095, -7.210135, -1.878437, 0.630359, -0.000084, -0.023410, 0.775945, 0.000000, 0.000000, 0.000000, 138.937500, 138.501801, 5.557500, 27.500000, 0.000000, 
0.417000, 9.828056, -0.136413, -0.471295, -0.211039, -0.436002, 0.242843, -0.190234, 0.000000, 0.000000, 0.000000, -0.971022, -2.003344, -0.364338, -1.752206, 1.395697, -0.265962, -4.976803, -7.402503, -1.913714, 0.625008, 0.000774, -0.022405, 0.780291, 0.000000, 0.000000, 0.000000, 138.937500, 138.497513, 5.557500, 27.500000, 0.000000, 
0.417000, 9.925953, -0.025438, -0.507012, -0.231114, -0.494016, 0.145846, -0.213996, 0.000000, 0.000000, 0.000000, -0.983308, -2.051247, -0.358026, -1.779233, 1.435175, -0.277867, -5.072544, -7.601120, -1.948873, 0.620365, 0.005171, -0.016847, 0.784110, 0.000000, 0.000000, 0.000000, 139.187500, 138.496124, 5.567500, 27.500000, 0.000000, 
0.417000, 10.024102, 0.304782, -0.071675, -0.225910, -0.151270, -0.275319, -0.224453, 0.000000, 0.000000, 0.000000, -0.991782, -2.092052, -0.369572, -1.796142, 1.477657, -0.295322, -5.169446, -7.804909, -1.984616, 0.614394, 0.008944, -0.014391, 0.788813, 0.000000, 0.000000, 0.000000, 139.187500, 138.508713, 5.567500, 27.500000, 0.000000, 
0.417000, 10.134355, -0.183465, -0.571866, -0.675606, -0.525471, 0.336814, -0.653878, 0.000000, 0.000000, 0.000000, -0.994900, -2.162005, -0.395112, -1.841065, 1.527532, -0.311831, -5.278640, -8.039968, -2.025907, 0.608457, 0.007196, -0.016257, 0.793383, 0.000000, 0.000000, 0.000000, 139.187500, 138.521606, 5.567500, 27.500000, 0.000000, 
0.417000, 10.231380, -0.112935, -0.376469, -0.948623, -0.362584, 0.237659, -0.930807, 0.000000, 0.000000, 0.000000, -0.998608, -2.202492, -0.400286, -1.859651, 1.569435, -0.294773, -5.375244, -8.252186, -2.062689, 0.603276, 0.004582, -0.021255, 0.797231, 0.000000, 0.000000, 0.000000, 139.187500, 138.531494, 5.567500, 27.500000, 0.000000, 
0.417000, 10.327281, -0.005859, -0.584032, -0.123962, -0.563725, 0.175015, -0.089847, 0.000000, 0.000000, 0.000000, -1.027188, -2.237864, -0.354092, -1.870229, 1.628674, -0.195198, -5.471938, -8.465796, -2.097229, 0.598817, 0.005961, -0.031585, 0.800236, 0.000000, 0.000000, 0.000000, 139.062500, 138.540390, 5.562500, 27.500000, 0.000000, 
0.417000, 10.426240, -0.027343, -0.521696, -0.110524, -0.496074, 0.183634, -0.072894, 0.000000, 0.000000, 0.000000, -1.030768, -2.280759, -0.357814, -1.892570, 1.667683, -0.171120, -5.573714, -8.689633, -2.132414, 0.593678, 0.010928, -0.035622, 0.803834, 0.000000, 0.000000, 0.000000, 139.062500, 138.542038, 5.562500, 27.500000, 0.000000, 
0.417000, 10.526575, -0.067462, -0.525567, -0.151830, -0.487930, 0.230417, -0.112478, 0.000000, 0.000000, 0.000000, -1.038306, -2.334948, -0.362783, -1.923318, 1.712680, -0.170710, -5.677572, -8.921583, -2.168524, 0.589140, 0.011000, -0.035896, 0.807153, 0.000000, 0.000000, 0.000000, 139.062500, 138.542664, 5.562500, 27.500000, 0.000000, 
0.417000, 10.624334, -0.223966, -0.789203, -0.250876, -0.687646, 0.471639, -0.201565, 0.000000, 0.000000, 0.000000, -1.022778, -2.380596, -0.361325, -1.948593, 1.733697, -0.202575, -5.778463, -9.152174, -2.203875, 0.584936, 0.002971, -0.030604, 0.810491, 0.000000, 0.000000, 0.000000, 139.062500, 138.544022, 5.562500, 27.500000, 0.000000, 
0.417000, 10.720240, 0.108590, -0.404343, 1.479880, -0.355672, 0.156977, 1.488002, 0.000000, 0.000000, 0.000000, -1.069631, -2.464941, -0.238451, -1.848030, 1.943253, -0.292134, -5.879350, -9.386313, -2.231837, 0.548662, 0.034238, 0.016217, 0.835180, 0.000000, 0.000000, 0.000000, 139.062500, 138.552444, 5.562500, 27.500000, 0.000000, 
0.417000, 10.819162, 0.808262, 0.356564, -0.931728, -0.169103, -1.123289, -0.598451, 0.000000, 0.000000, 0.000000, -0.992055, -2.505119, -0.161263, -1.653296, 2.008165, -0.720816, -5.980527, -9.633382, -2.248254, 0.483103, 0.107906, 0.122458, 0.860211, 0.000000, 0.000000, 0.000000, 139.062500, 138.571381, 5.562500, 27.500000, 0.000000, 
0.417000, 10.929530, 0.067540, -0.061868, -1.559347, -0.327585, -1.024877, -1.132356, 0.000000, 0.000000, 0.000000, -0.964536, -2.519137, -0.268005, -1.447646, 1.684000, -1.554528, -6.087995, -9.911189, -2.272630, 0.390161, 0.221431, 0.284752, 0.847143, 0.000000, 0.000000, 0.000000, 139.062500, 138.585907, 5.562500, 27.500000, 0.000000, 
0.417000, 11.039330, 0.093470, -0.471235, 0.122525, -0.399765, 0.288412, -0.053043, 0.000000, 0.000000, 0.000000, -1.029530, -2.584708, -0.346796, -1.448366, 1.372260, -1.969751, -6.199535, -10.191730, -2.309172, 0.354487, 0.269496, 0.364045, 0.818030, 0.000000, 0.000000, 0.000000, 139.062500, 138.587708, 5.562500, 27.500000, 0.000000, 
0.417000, 11.136346, -0.331505, -0.852922, -0.116734, -0.469225, 0.409256, -0.680678, 0.000000, 0.000000, 0.000000, -1.073494, -2.635449, -0.491319, -1.442961, 1.173712, -2.208960, -6.301263, -10.445036, -2.351830, 0.339628, 0.275337, 0.391753, 0.809545, 0.000000, 0.000000, 0.000000, 139.312500, 138.588730, 5.572500, 27.500000, 0.000000, 
0.417000, 11.234360, -0.100178, -0.949948, -0.942337, -0.806101, -0.324108, -1.022527, 0.000000, 0.000000, 0.000000, -1.105970, -2.717216, -0.591934, -1.432887, 1.085647, -2.392671, -6.408484, -10.707744, -2.405667, 0.329650, 0.268147, 0.406133, 0.808997, 0.000000, 0.000000, 0.000000, 139.312500, 138.586090, 5.572500, 27.500000, 0.000000, 
0.417000, 11.344590, 0.119380, -1.285180, -0.329976, -1.082514, 0.286697, -0.721639, 0.000000, 0.000000, 0.000000, -1.128837, -2.817379, -0.649570, -1.459341, 1.207290, -2.458955, -6.532597, -11.012794, -2.474919, 0.341735, 0.241045, 0.388858, 0.820911, 0.000000, 0.000000, 0.000000, 139.312500, 138.575943, 5.572500, 27.500000, 0.000000, 
0.417000, 11.441192, -0.502452, -0.995886, -0.360283, -0.442972, 0.384280, -1.014955, 0.000000, 0.000000, 0.000000, -1.165719, -2.909445, -0.650267, -1.453109, 1.317780, -2.529502, -6.643545, -11.289762, -2.536755, 0.345691, 0.221891, 0.382923, 0.827420, 0.000000, 0.000000, 0.000000, 139.312500, 138.566544, 5.572500, 27.500000, 0.000000, 
0.417000, 11.537008, -0.878578, -0.404151, -1.044458, 0.181903, -0.185223, -1.399536, 0.000000, 0.000000, 0.000000, -1.220746, -2.992428, -0.697151, -1.503331, 1.485113, -2.542661, -6.758145, -11.573395, -2.600796, 0.359755, 0.206261, 0.357858, 0.836637, 0.000000, 0.000000, 0.000000, 139.500000, 138.564835, 5.580000, 27.500000, 0.000000, 
0.417000, 11.646909, -0.392888, -1.056406, -0.801935, -0.646266, 0.405345, -1.153888, 0.000000, 0.000000, 0.000000, -1.293019, -3.107699, -0.758022, -1.696171, 2.137707, -2.111234, -6.896461, -11.909553, -2.682054, 0.409770, 0.154674, 0.235696, 0.867528, 0.000000, 0.000000, 0.000000, 139.500000, 138.559296, 5.580000, 27.500000, 0.000000, 
0.417000, 11.743912, -0.554029, -1.627671, -0.940845, -1.086904, 1.051575, -1.246683, 0.000000, 0.000000, 0.000000, -1.324017, -3.204715, -0.832686, -1.911945, 2.571304, -1.565007, -7.023378, -12.215751, -2.759945, 0.445226, 0.114430, 0.123157, 0.879491, 0.000000, 0.000000, 0.000000, 139.500000, 138.548309, 5.580000, 27.500000, 0.000000, 
0.417000, 11.840837, -0.609536, -1.268442, -0.211147, -0.737708, 1.190674, -0.251218, 0.000000, 0.000000, 0.000000, -1.383723, -3.343647, -0.858869, -2.102509, 2.924333, -0.927268, -7.154798, -12.534796, -2.842460, 0.468023, 0.075734, 0.018292, 0.880271, 0.000000, 0.000000, 0.000000, 139.500000, 138.533691, 5.580000, 27.500000, 0.000000, 
0.417000, 11.939126, -0.581186, -1.372639, -0.868378, -0.944546, 1.309280, -0.607920, 0.000000, 0.000000, 0.000000, -1.450876, -3.512480, -0.900411, -2.249804, 3.182212, -0.254869, -7.294075, -12.873186, -2.929345, 0.476962, 0.037297, -0.079872, 0.874488, 0.000000, 0.000000, 0.000000, 139.187500, 138.497528, 5.567500, 27.500000, 0.000000, 
0.417000, 12.036313, -1.211006, -1.489298, -0.012184, -0.611322, 1.711301, 0.618360, 0.000000, 0.000000, 0.000000, -1.541987, -3.653553, -0.915388, -2.380819, 3.273478, 0.424137, -7.439276, -13.222307, -3.019008, 0.486364, -0.010099, -0.167057, 0.857573, 0.000000, 0.000000, 0.000000, 139.187500, 138.458176, 5.567500, 27.500000, 0.000000, 
0.417000, 12.130768, -1.047042, -2.006947, 0.259157, -1.117903, 1.501537, 1.298804, 0.000000, 0.000000, 0.000000, -1.616574, -3.827771, -0.913512, -2.529419, 3.231147, 1.122982, -7.587840, -13.576043, -3.106224, 0.488306, -0.059842, -0.248465, 0.834406, 0.000000, 0.000000, 0.000000, 139.187500, 138.423950, 5.567500, 27.500000, 0.000000, 
0.417000, 12.229752, -1.857497, -2.733130, 0.003235, -1.338569, 2.348996, 1.900149, 0.000000, 0.000000, 0.000000, -1.744916, -4.033460, -0.927319, -2.607498, 3.284110, 1.608939, -7.754348, -13.965514, -3.197208, 0.478763, -0.099416, -0.296103, 0.820498, 0.000000, 0.000000, 0.000000, 139.187500, 138.388443, 5.567500, 27.500000, 0.000000, 
0.417000, 12.329071, -1.044271, -1.279177, 0.013423, -0.464846, 1.461446, 0.612393, 0.000000, 0.000000, 0.000000, -1.881939, -4.265903, -0.895244, -2.527827, 3.944997, 0.766683, -7.936602, -14.381397, -3.286207, 0.465532, -0.048176, -0.178952, 0.865406, 0.000000, 0.000000, 0.000000, 139.062500, 138.349823, 5.562500, 27.500000, 0.000000, 
0.417000, 12.438349, -0.241070, -0.194454, -1.064422, -0.060092, 0.350824, -1.049863, 0.000000, 0.000000, 0.000000, -1.997183, -4.345520, -0.932904, -2.252010, 4.271321, -0.653055, -8.151150, -14.854092, -3.384581, 0.439915, 0.014380, -0.028721, 0.897460, 0.000000, 0.000000, 0.000000, 139.062500, 138.310730, 5.562500, 27.500000, 0.000000, 
0.417000, 12.533415, -0.728864, -1.205254, 0.413259, -0.575954, 1.144666, 0.715992, 0.000000, 0.000000, 0.000000, -1.985314, -4.414118, -0.925287, -2.688987, 4.126287, 0.157429, -8.339888, -15.269470, -3.474538, 0.477921, -0.012132, -0.111448, 0.871215, 0.000000, 0.000000, 0.000000, 139.062500, 138.275406, 5.562500, 27.500000, 0.000000, 
0.417000, 12.632471, -1.669678, -2.649323, 1.086472, -1.174234, 2.041990, 2.332042, 0.000000, 0.000000, 0.000000, -2.098460, -4.663194, -0.988767, -2.868833, 4.163638, 1.249014, -8.542591, -15.720821, -3.571366, 0.476526, -0.052802, -0.219986, 0.849548, 0.000000, 0.000000, 0.000000, 139.062500, 138.235825, 5.562500, 27.500000, 0.000000, 
0.417000, 12.730813, -2.264717, -1.707696, 0.472458, -0.146702, 1.798079, 2.239118, 0.000000, 0.000000, 0.000000, -2.187992, -4.832101, -0.876532, -2.881729, 3.812241, 2.463093, -8.753074, -16.189413, -3.661875, 0.453473, -0.140403, -0.326964, 0.817151, 0.000000, 0.000000, 0.000000, 139.250000, 138.217712, 5.570000, 27.500000, 0.000000, 
0.417000, 12.824842, -0.618166, -1.623093, -1.550329, -0.946921, 2.078531, 0.450601, 0.000000, 0.000000, 0.000000, -2.268619, -5.002947, -0.954258, -2.748282, 3.262812, 3.589876, -8.964008, -16.653841, -3.748054, 0.395582, -0.231144, -0.438477, 0.773186, 0.000000, 0.000000, 0.000000, 139.250000, 138.204987, 5.570000, 27.500000, 0.000000, 
0.417000, 12.922331, -1.861819, -1.746917, 0.288778, -0.198901, 0.638757, 2.480685, 0.000000, 0.000000, 0.000000, -2.364862, -5.145151, -1.016496, -2.502954, 2.800116, 4.358030, -9.188869, -17.148756, -3.846823, 0.350170, -0.252721, -0.508366, 0.745030, 0.000000, 0.000000, 0.000000, 139.250000, 138.181152, 5.570000, 27.500000, 0.000000, 
0.417000, 13.019450, -2.121626, -1.927534, 0.426946, -0.025103, 0.537482, 2.847684, 0.000000, 0.000000, 0.000000, -2.507832, -5.322922, -0.978657, -2.281635, 2.725828, 4.789976, -9.425850, -17.657679, -3.943714, 0.329614, -0.240440, -0.527379, 0.745256, 0.000000, 0.000000, 0.000000, 139.250000, 138.160690, 5.570000, 27.500000, 0.000000, 
0.417000, 13.126977, -1.649904, -0.979646, 0.404946, 0.490959, 0.206367, 1.887374, 0.000000, 0.000000, 0.000000, -2.618016, -5.478025, -1.000637, -2.017070, 2.703807, 5.146287, -9.703328, -18.239267, -4.050015, 0.314115, -0.215054, -0.545285, 0.746820, 0.000000, 0.000000, 0.000000, 139.125000, 138.133514, 5.565000, 27.500000, 0.000000, 
0.417000, 13.224501, -0.581575, -1.128599, 0.502405, -0.243998, -0.069492, 1.341634, 0.000000, 0.000000, 0.000000, -2.698330, -5.643608, -0.984440, -1.705295, 2.859780, 5.386408, -9.963642, -18.782761, -4.147091, 0.309021, -0.162301, -0.549671, 0.758959, 0.000000, 0.000000, 0.000000, 139.125000, 138.107666, 5.565000, 27.500000, 0.000000, 
0.417000, 13.321678, -0.884130, -2.231593, 0.021074, -0.791906, 0.397943, 2.230822, 0.000000, 0.000000, 0.000000, -2.691167, -5.764018, -0.964846, -1.941192, 2.120597, 5.755984, -10.224479, -19.335724, -4.241217, 0.333352, -0.143526, -0.596529, 0.715836, 0.000000, 0.000000, 0.000000, 139.125000, 138.086349, 5.565000, 27.500000, 0.000000, 
0.417000, 13.431884, 0.325096, -1.318569, -0.109036, -1.117003, -0.045605, 0.778714, 0.000000, 0.000000, 0.000000, -2.760675, -5.995126, -1.032035, -2.172602, 1.570958, 6.118752, -10.527242, -19.986177, -4.351254, 0.349234, -0.138911, -0.630792, 0.678846, 0.000000, 0.000000, 0.000000, 139.187500, 138.062622, 5.567500, 27.500000, 0.000000, 
0.417000, 13.528178, -0.992176, -1.800500, -0.191502, -0.575580, 0.334209, 1.954438, 0.000000, 0.000000, 0.000000, -2.846035, -6.171367, -1.049934, -2.453557, 1.373687, 6.275372, -10.796869, -20.572866, -4.451351, 0.356271, -0.159678, -0.637009, 0.664669, 0.000000, 0.000000, 0.000000, 139.187500, 138.042923, 5.567500, 27.500000, 0.000000, 
0.417000, 13.626039, -0.566155, -1.812350, -0.406805, -0.916786, 0.530712, 1.627397, 0.000000, 0.000000, 0.000000, -2.904801, -6.311282, -1.094408, -2.471354, 1.784411, 6.338403, -11.078304, -21.184643, -4.556354, 0.345586, -0.168235, -0.619450, 0.684501, 0.000000, 0.000000, 0.000000, 139.187500, 138.019821, 5.567500, 27.500000, 0.000000, 
0.417000, 13.723127, -0.625366, -1.096562, 0.423079, -0.260337, -0.086230, 1.302800, 0.000000, 0.000000, 0.000000, -2.950058, -6.416569, -1.094139, -2.644986, 2.607395, 6.105494, -11.362720, -21.803644, -4.663301, 0.358197, -0.160618, -0.570274, 0.721579, 0.000000, 0.000000, 0.000000, 139.187500, 137.996384, 5.567500, 27.500000, 0.000000, 
0.417000, 13.831806, -0.820364, -1.813982, -0.301844, -0.760140, 1.000874, 1.573215, 0.000000, 0.000000, 0.000000, -3.012370, -6.547906, -1.090878, -2.708750, 3.635480, 5.708287, -11.686503, -22.508516, -4.781372, 0.367036, -0.140459, -0.507701, 0.766673, 0.000000, 0.000000, 0.000000, 139.062500, 137.971878, 5.562500, 27.500000, 0.000000, 
0.417000, 13.929434, -0.152932, -1.641719, -0.191525, -1.073520, 0.900590, 0.889809, 0.000000, 0.000000, 0.000000, -3.056557, -6.669002, -1.102247, -2.694000, 5.199155, 4.554484, -11.982893, -23.154354, -4.888459, 0.372131, -0.108870, -0.393887, 0.833373, 0.000000, 0.000000, 0.000000, 139.062500, 137.943192, 5.562500, 27.500000, 0.000000, 
0.417000, 14.026544, -0.584275, -1.130945, -0.059977, -0.345752, 1.043533, 0.644576, 0.000000, 0.000000, 0.000000, -3.075830, -6.749355, -1.096441, -2.401237, 6.395275, 3.090362, -12.279788, -23.805826, -4.995215, 0.357189, -0.083522, -0.278443, 0.887638, 0.000000, 0.000000, 0.000000, 139.062500, 137.916687, 5.562500, 27.500000, 0.000000, 
0.417000, 14.137205, -0.490212, -0.682120, -0.110997, -0.050882, 0.825563, 0.183741, 0.000000, 0.000000, 0.000000, -3.132298, -6.876056, -1.091591, -1.916866, 7.235208, 1.503148, -12.623978, -24.560524, -5.116451, 0.330387, -0.052485, -0.166051, 0.927636, 0.000000, 0.000000, 0.000000, 139.062500, 137.889328, 5.562500, 27.500000, 0.000000, 
0.417000, 14.244799, -0.500576, 0.014715, -0.338068, 0.418629, 0.308128, -0.308032, 0.000000, 0.000000, 0.000000, -3.185535, -6.965712, -1.087878, -1.380830, 7.605977, -0.306079, -12.964140, -25.307236, -5.233017, 0.299977, -0.015420, -0.049196, 0.952548, 0.000000, 0.000000, 0.000000, 139.000000, 137.865509, 5.560000, 27.500000, 0.000000, 
0.417000, 14.343936, -0.397609, -0.908535, 0.050825, -0.147264, 0.981202, 0.040636, 0.000000, 0.000000, 0.000000, -3.182843, -7.051525, -1.064116, -1.068078, 7.650895, -1.144047, -13.279419, -26.002008, -5.339608, 0.277212, 0.003860, 0.004669, 0.960785, 0.000000, 0.000000, 0.000000, 139.000000, 137.840179, 5.560000, 27.500000, 0.000000, 
0.417000, 14.453767, -0.544123, -1.132012, -0.136077, -0.032489, 1.217791, -0.334578, 0.000000, 0.000000, 0.000000, -3.265496, -7.181676, -1.092331, -0.372860, 7.605440, -2.334601, -13.634638, -26.783957, -5.458666, 0.233698, 0.020384, 0.077420, 0.969004, 0.000000, 0.000000, 0.000000, 139.000000, 137.815826, 5.560000, 27.500000, 0.000000, 
0.417000, 14.547699, -0.498798, -0.299628, -0.484551, 0.371545, 0.237218, -0.615662, 0.000000, 0.000000, 0.000000, -3.289514, -7.257277, -1.118266, 0.880565, 7.013752, -3.843215, -13.942225, -27.463293, -5.562567, 0.150574, 0.038986, 0.174269, 0.972332, 0.000000, 0.000000, 0.000000, 139.000000, 137.796432, 5.560000, 27.500000, 0.000000, 
0.417000, 14.646889, -0.053548, -0.664978, -0.029369, -0.083101, 0.572097, -0.334241, 0.000000, 0.000000, 0.000000, -3.325442, -7.298663, -1.139819, 1.698985, 6.279049, -4.828475, -14.270879, -28.184790, -5.675022, 0.088427, 0.061788, 0.239281, 0.964935, 0.000000, 0.000000, 0.000000, 138.937500, 137.766525, 5.557500, 27.500000, 0.000000, 
0.417000, 14.745688, -0.669280, -0.692480, -0.751470, 0.476094, 0.242020, -1.098593, 0.000000, 0.000000, 0.000000, -3.375588, -7.367958, -1.194402, 2.040390, 5.866690, -5.340943, -14.601498, -28.910015, -5.789665, 0.062938, 0.068217, 0.272161, 0.957761, 0.000000, 0.000000, 0.000000, 138.937500, 137.735779, 5.557500, 27.500000, 0.000000, 
0.417000, 14.850912, -0.440535, -0.963822, -0.588675, 0.230884, 0.531600, -1.064721, 0.000000, 0.000000, 0.000000, -3.408881, -7.450810, -1.251028, 2.101274, 5.871986, -5.459253, -14.958422, -29.690092, -5.918839, 0.060277, 0.066866, 0.274724, 0.957295, 0.000000, 0.000000, 0.000000, 138.937500, 137.705093, 5.557500, 27.500000, 0.000000, 
0.417000, 14.948967, -0.490476, -0.237912, -1.304002, 0.332154, -0.370095, -1.322974, 0.000000, 0.000000, 0.000000, -3.461554, -7.508667, -1.338603, 1.911268, 6.261246, -5.224655, -15.295647, -30.424683, -6.045841, 0.078914, 0.062044, 0.247736, 0.963609, 0.000000, 0.000000, 0.000000, 138.937500, 137.666824, 5.557500, 27.500000, 0.000000, 
0.417000, 15.047402, -1.445383, -1.287920, 0.081282, 1.109823, 1.497793, -0.528512, 0.000000, 0.000000, 0.000000, -3.488494, -7.618189, -1.361349, 1.600729, 7.136680, -4.308593, -15.636725, -31.168905, -6.180438, 0.112319, 0.032660, 0.183689, 0.975996, 0.000000, 0.000000, 0.000000, 139.000000, 137.627899, 5.560000, 27.500000, 0.000000, 
0.417000, 15.141388, 0.234181, -1.144961, 0.106785, -0.537655, 1.019094, -0.222557, 0.000000, 0.000000, 0.000000, -3.497683, -7.725689, -1.353536, 1.260106, 7.547681, -3.898143, -15.966700, -31.889910, -6.308688, 0.136029, 0.021105, 0.156375, 0.978054, 0.000000, 0.000000, 0.000000, 139.000000, 137.597900, 5.560000, 27.500000, 0.000000, 
0.417000, 15.239054, -0.354717, -1.321099, 0.522089, -0.042929, 1.455503, 0.152764, 0.000000, 0.000000, 0.000000, -3.532178, -7.820673, -1.323394, 1.031127, 7.881598, -3.493785, -16.310276, -32.648766, -6.439418, 0.147375, 0.028648, 0.127194, 0.980445, 0.000000, 0.000000, 0.000000, 139.000000, 137.567657, 5.560000, 27.500000, 0.000000, 
0.417000, 15.335880, -0.488374, -0.799490, -0.316235, 0.241907, 0.759871, -0.584601, 0.000000, 0.000000, 0.000000, -3.548438, -7.911428, -1.332932, 1.211783, 7.746975, -3.933642, -16.653109, -33.411362, -6.567631, 0.133998, 0.035800, 0.151662, 0.978649, 0.000000, 0.000000, 0.000000, 139.000000, 137.541779, 5.560000, 27.500000, 0.000000, 
0.417000, 15.443307, -0.703797, -0.869305, -0.279987, 0.439558, 0.841697, -0.654009, 0.000000, 0.000000, 0.000000, -3.596144, -8.014066, -1.337409, 1.359331, 7.594500, -4.406888, -17.036896, -34.267326, -6.711386, 0.117401, 0.061068, 0.172560, 0.976065, 0.000000, 0.000000, 0.000000, 138.937500, 137.512146, 5.557500, 27.500000, 0.000000, 
0.417000, 15.540830, -0.127365, -0.726828, -0.458779, -0.119041, 0.506664, -0.695764, 0.000000, 0.000000, 0.000000, -3.614714, -8.094211, -1.372053, 1.223230, 7.496125, -4.772364, -17.389036, -35.053383, -6.843607, 0.116324, 0.083179, 0.186197, 0.972046, 0.000000, 0.000000, 0.000000, 138.937500, 137.482025, 5.557500, 27.500000, 0.000000, 
0.417000, 15.637920, -0.427641, -0.845815, -0.665934, 0.092881, 0.583195, -0.996485, 0.000000, 0.000000, 0.000000, -3.641877, -8.179711, -1.442646, 1.139947, 7.495572, -4.976725, -17.741289, -35.843697, -6.980796, 0.115520, 0.096091, 0.189453, 0.970320, 0.000000, 0.000000, 0.000000, 138.937500, 137.449066, 5.557500, 27.500000, 0.000000, 
0.417000, 15.746331, -0.225226, -1.012956, -0.034613, -0.054094, 0.939290, -0.439085, 0.000000, 0.000000, 0.000000, -3.671146, -8.277553, -1.481821, 1.121865, 7.536208, -5.112399, -18.138311, -36.736477, -7.140173, 0.114249, 0.100810, 0.192025, 0.969486, 0.000000, 0.000000, 0.000000, 139.312500, 137.419174, 5.572500, 27.500000, 0.000000, 
0.417000, 15.856410, -0.329774, -0.871619, -0.097809, 0.076110, 0.795015, -0.490082, 0.000000, 0.000000, 0.000000, -3.706693, -8.380699, -1.506636, 1.156846, 7.502166, -5.350088, -18.544716, -37.653976, -7.305227, 0.111211, 0.102174, 0.202836, 0.967493, 0.000000, 0.000000, 0.000000, 139.312500, 137.407806, 5.572500, 27.500000, 0.000000, 
0.417000, 15.954923, -0.366970, -0.847407, -0.526607, 0.058348, 0.572749, -0.893653, 0.000000, 0.000000, 0.000000, -3.738957, -8.462537, -1.532531, 1.244273, 7.378237, -5.652876, -18.911676, -38.484283, -7.454811, 0.104014, 0.105619, 0.217701, 0.964689, 0.000000, 0.000000, 0.000000, 139.312500, 137.393341, 5.572500, 27.500000, 0.000000, 
0.417000, 16.064013, -0.487183, -0.982451, -0.598810, 0.134599, 0.686574, -1.035184, 0.000000, 0.000000, 0.000000, -3.771783, -8.552998, -1.581960, 1.276865, 7.484706, -5.677155, -19.321266, -39.412876, -7.624498, 0.103997, 0.102170, 0.214451, 0.965789, 0.000000, 0.000000, 0.000000, 139.312500, 137.379211, 5.572500, 27.500000, 0.000000, 
0.417000, 16.159351, -1.293499, -0.564846, -1.905144, 0.835844, 0.183336, -2.211204, 0.000000, 0.000000, 0.000000, -3.856249, -8.631420, -1.685123, 1.173012, 8.242050, -4.785695, -19.684574, -40.232960, -7.779852, 0.122191, 0.086379, 0.153731, 0.976712, 0.000000, 0.000000, 0.000000, 139.562500, 137.371124, 5.582500, 27.500000, 0.000000, 
0.417000, 16.258400, 0.686002, -1.309996, 0.139115, -1.067416, 1.001975, 0.250347, 0.000000, 0.000000, 0.000000, -3.870208, -8.759890, -1.683197, 0.567337, 9.573826, -1.601791, -20.069687, -41.093807, -7.949617, 0.169651, 0.042974, -0.014772, 0.984452, 0.000000, 0.000000, 0.000000, 139.562500, 137.357056, 5.582500, 27.500000, 0.000000, 
0.417000, 16.357407, -0.500894, -2.314302, 0.696408, -0.346884, 2.080703, 1.281451, 0.000000, 0.000000, 0.000000, -3.858330, -8.861737, -1.699957, 0.409364, 9.769214, 0.836783, -20.451181, -41.965412, -8.118392, 0.181162, -0.015273, -0.129228, 0.974802, 0.000000, 0.000000, 0.000000, 139.562500, 137.344589, 5.582500, 27.500000, 0.000000, 
0.417000, 16.451286, 0.686823, -0.746010, 0.851294, -0.938653, 0.097707, 0.928608, 0.000000, 0.000000, 0.000000, -3.847653, -8.884686, -1.730883, 0.387189, 9.603943, 2.085855, -20.814144, -42.800129, -8.279414, 0.179514, -0.051356, -0.187322, 0.964386, 0.000000, 0.000000, 0.000000, 139.562500, 137.340469, 5.582500, 27.500000, 0.000000, 
0.417000, 16.560785, -0.510683, -1.898876, 0.774116, -0.300446, 1.194573, 1.717101, 0.000000, 0.000000, 0.000000, -3.924850, -9.032259, -1.734181, 0.338875, 9.119070, 4.088961, -21.239521, -43.782211, -8.468822, 0.173981, -0.089924, -0.280345, 0.939704, 0.000000, 0.000000, 0.000000, 139.000000, 137.303619, 5.560000, 27.500000, 0.000000, 
0.417000, 16.659809, 0.214980, -1.151776, 1.365200, -0.783104, -0.128745, 1.614527, 0.000000, 0.000000, 0.000000, -3.944402, -9.145001, -1.679588, 0.095066, 8.591165, 5.309574, -21.630579, -44.683601, -8.638474, 0.175814, -0.114718, -0.335727, 0.918264, 0.000000, 0.000000, 0.000000, 139.000000, 137.255783, 5.560000, 27.500000, 0.000000, 
0.417000, 16.769150, -0.219623, -1.296900, 0.032400, -0.349001, 0.832347, 0.957394, 0.000000, 0.000000, 0.000000, -4.002000, -9.283267, -1.670886, -0.082991, 7.859030, 6.573736, -22.065802, -45.691837, -8.821120, 0.171314, -0.143231, -0.395696, 0.890816, 0.000000, 0.000000, 0.000000, 139.000000, 137.215729, 5.560000, 27.500000, 0.000000, 
0.417000, 16.863531, -0.618205, -1.085489, 0.140359, 0.079467, 0.632866, 1.083192, 0.000000, 0.000000, 0.000000, -4.037887, -9.368600, -1.647884, -0.120244, 7.504064, 7.103771, -22.445065, -46.572514, -8.977441, 0.167510, -0.151635, -0.420553, 0.878677, 0.000000, 0.000000, 0.000000, 139.000000, 137.186859, 5.560000, 27.500000, 0.000000, 
0.417000, 16.962299, -0.681142, -2.213361, -0.237916, -0.301963, 1.502648, 1.752227, 0.000000, 0.000000, 0.000000, -4.098317, -9.516602, -1.651509, -0.175805, 7.156852, 7.670467, -22.847242, -47.505623, -9.139728, 0.166600, -0.152815, -0.447729, 0.865114, 0.000000, 0.000000, 0.000000, 139.000000, 137.154007, 5.560000, 27.500000, 0.000000, 
0.417000, 17.071957, -0.129469, -0.826229, 0.357805, -0.270870, 0.168992, 0.851762, 0.000000, 0.000000, 0.000000, -4.113514, -9.590180, -1.639242, -0.155252, 7.153478, 7.770556, -23.297718, -48.553596, -9.320735, 0.165476, -0.149964, -0.450368, 0.864459, 0.000000, 0.000000, 0.000000, 139.000000, 137.123413, 5.560000, 27.500000, 0.000000, 
0.417000, 17.181440, 0.572074, 0.239395, 0.339673, -0.451450, -0.491995, -0.232557, 0.000000, 0.000000, 0.000000, -4.111185, -9.627934, -1.596999, -0.134548, 6.890239, 8.040773, -23.748669, -49.607014, -9.497416, 0.163005, -0.147238, -0.464961, 0.857644, 0.000000, 0.000000, 0.000000, 139.000000, 137.099411, 5.560000, 27.500000, 0.000000, 
0.417000, 17.278328, -0.732607, -3.913567, -0.268489, -0.939105, 1.658227, 3.506123, 0.000000, 0.000000, 0.000000, -4.141632, -9.818125, -1.595759, -0.189910, 5.182189, 9.444683, -24.147764, -50.546001, -9.651288, 0.150437, -0.156957, -0.551430, 0.805388, 0.000000, 0.000000, 0.000000, 139.125000, 137.081879, 5.565000, 27.500000, 0.000000, 
0.417000, 17.376371, 0.095412, 0.365050, 0.840015, -0.040550, -0.914274, -0.102158, 0.000000, 0.000000, 0.000000, -4.185404, -9.898043, -1.575293, -0.121600, 4.750196, 9.766748, -24.557127, -51.515606, -9.807520, 0.135291, -0.175539, -0.566086, 0.793991, 0.000000, 0.000000, 0.000000, 139.125000, 137.070480, 5.565000, 27.500000, 0.000000, 
0.417000, 17.486959, -0.628108, -1.486148, -0.279340, -0.029748, 0.328901, 1.603771, 0.000000, 0.000000, 0.000000, -4.217942, -9.966644, -1.556646, -0.239122, 1.891642, 10.766187, -25.020643, -52.611980, -9.978856, 0.108950, -0.202340, -0.667810, 0.707962, 0.000000, 0.000000, 0.000000, 139.125000, 137.065277, 5.565000, 27.500000, 0.000000, 
0.417000, 17.583124, -0.632362, -1.499554, -0.167246, -0.057193, -0.074380, 1.633299, 0.000000, 0.000000, 0.000000, -4.268461, -10.127727, -1.640573, -0.323026, -0.001051, 11.107462, -25.428822, -53.579494, -10.134273, 0.096749, -0.208904, -0.729459, 0.644112, 0.000000, 0.000000, 0.000000, 139.125000, 137.055862, 5.565000, 27.500000, 0.000000, 
0.417000, 17.679012, -0.745353, -1.551122, 0.352124, -0.080017, -0.704777, 1.606972, 0.000000, 0.000000, 0.000000, -4.310719, -10.296768, -1.602245, -0.591989, -0.729032, 11.237837, -25.839973, -54.559769, -10.289355, 0.096742, -0.219467, -0.746931, 0.620130, 0.000000, 0.000000, 0.000000, 139.187500, 137.048706, 5.567500, 27.500000, 0.000000, 
0.417000, 17.789192, -0.296221, -0.727667, 0.833384, -0.198287, -0.965571, 0.583189, 0.000000, 0.000000, 0.000000, -4.367815, -10.421135, -1.590938, -0.821126, -0.794275, 11.353493, -26.318989, -55.703014, -10.466314, 0.097637, -0.232019, -0.745057, 0.617671, 0.000000, 0.000000, 0.000000, 139.187500, 137.044617, 5.567500, 27.500000, 0.000000, 
0.417000, 17.885103, -0.108705, -0.675320, 0.628148, -0.320970, -0.715602, 0.497315, 0.000000, 0.000000, 0.000000, -4.386757, -10.499352, -1.529810, -0.846084, -0.920701, 11.412920, -26.739000, -56.707069, -10.615380, 0.090601, -0.238611, -0.744830, 0.616504, 0.000000, 0.000000, 0.000000, 139.187500, 137.046997, 5.567500, 27.500000, 0.000000, 
0.417000, 17.982504, -0.230690, -1.011091, -0.301323, -0.216283, -0.007619, 1.058047, 0.000000, 0.000000, 0.000000, -4.422031, -10.574381, -1.509833, -0.821054, -2.222928, 11.315201, -27.168203, -57.733143, -10.762169, 0.067868, -0.249847, -0.775838, 0.575359, 0.000000, 0.000000, 0.000000, 139.187500, 137.051331, 5.567500, 27.500000, 0.000000, 
0.417000, 18.079460, -0.432232, -0.915900, 0.046523, -0.074810, -0.469243, 0.895578, 0.000000, 0.000000, 0.000000, -4.465283, -10.683574, -1.530350, -0.928077, -3.432486, 11.125380, -27.599293, -58.764545, -10.910031, 0.045275, -0.265700, -0.801657, 0.533565, 0.000000, 0.000000, 0.000000, 139.125000, 137.052368, 5.565000, 27.500000, 0.000000, 
0.417000, 18.173401, -0.290371, -1.007512, -0.212749, -0.203781, -0.298798, 1.006893, 0.000000, 0.000000, 0.000000, -4.506926, -10.802541, -1.552226, -1.177460, -4.407568, 10.890428, -28.021112, -59.774574, -11.054824, 0.032357, -0.280255, -0.820725, 0.496802, 0.000000, 0.000000, 0.000000, 139.125000, 137.054047, 5.565000, 27.500000, 0.000000, 
0.417000, 18.272415, -0.113141, -1.228489, 0.027855, -0.523530, -0.504133, 0.997248, 0.000000, 0.000000, 0.000000, -4.539767, -10.920728, -1.580227, -1.285073, -4.484964, 10.981817, -28.469654, -60.850647, -11.210361, 0.034132, -0.282750, -0.821436, 0.494088, 0.000000, 0.000000, 0.000000, 139.125000, 137.045364, 5.565000, 27.500000, 0.000000, 
0.417000, 18.370558, -0.455554, -1.870422, -0.150402, -0.484098, -0.592103, 1.773029, 0.000000, 0.000000, 0.000000, -4.576406, -11.035097, -1.578128, -1.103069, -3.634105, 11.435976, -28.917257, -61.927826, -11.364788, 0.042258, -0.273124, -0.802267, 0.529129, 0.000000, 0.000000, 0.000000, 139.125000, 137.038086, 5.565000, 27.500000, 0.000000, 
0.417000, 18.477858, -0.801417, -0.794345, 0.218613, 0.324162, -0.550685, 0.955347, 0.000000, 0.000000, 0.000000, -4.633722, -11.148714, -1.564184, -0.426053, -1.510846, 12.072503, -29.411579, -63.118832, -11.533564, 0.064128, -0.233451, -0.756927, 0.606994, 0.000000, 0.000000, 0.000000, 138.937500, 137.030548, 5.557500, 27.500000, 0.000000, 
0.417000, 18.575542, -0.561943, -1.155029, -0.205197, 0.054438, -0.037114, 1.299080, 0.000000, 0.000000, 0.000000, -4.655669, -11.255394, -1.561980, -0.275387, -0.601059, 12.262114, -29.865141, -64.213104, -11.685585, 0.075320, -0.218275, -0.735990, 0.636391, 0.000000, 0.000000, 0.000000, 138.937500, 137.014160, 5.557500, 27.500000, 0.000000, 
0.417000, 18.674629, -0.198930, -1.100624, 0.330787, -0.296686, -0.396936, 1.055824, 0.000000, 0.000000, 0.000000, -4.695410, -11.324617, -1.570826, 0.123406, 0.325828, 12.354654, -30.329237, -65.332214, -11.841496, 0.077404, -0.198931, -0.714325, 0.666458, 0.000000, 0.000000, 0.000000, 138.937500, 136.995010, 5.557500, 27.500000, 0.000000, 
0.417000, 18.784580, -1.027749, -1.089210, -0.627634, 0.574314, 0.435243, 1.455080, 0.000000, 0.000000, 0.000000, -4.677011, -11.366956, -1.516507, -0.162202, 0.527874, 12.372329, -30.843067, -66.578171, -12.009647, 0.091878, -0.198504, -0.708315, 0.671146, 0.000000, 0.000000, 0.000000, 138.937500, 136.984161, 5.557500, 27.500000, 0.000000, 
0.417000, 18.891424, -0.148080, -0.689827, -0.110079, -0.120848, 0.064389, 0.700820, 0.000000, 0.000000, 0.000000, -4.684113, -11.403864, -1.514800, 0.002825, 0.427975, 12.413620, -31.343588, -67.794998, -12.171941, 0.090056, -0.189699, -0.712723, 0.669270, 0.000000, 0.000000, 0.000000, 139.000000, 136.983521, 5.560000, 27.500000, 0.000000, 
0.417000, 18.989332, -0.282410, -0.844999, 0.123786, -0.070472, -0.195921, 0.875064, 0.000000, 0.000000, 0.000000, -4.711392, -11.498214, -1.511552, 0.212234, 0.372660, 12.510177, -31.803581, -68.916527, -12.320388, 0.086901, -0.179929, -0.715761, 0.669143, 0.000000, 0.000000, 0.000000, 139.000000, 136.977829, 5.560000, 27.500000, 0.000000, 
0.417000, 19.099333, -0.285760, -0.290782, -0.019210, 0.154674, -0.034496, 0.376119, 0.000000, 0.000000, 0.000000, -4.739355, -11.592696, -1.514709, 0.152115, 0.345979, 12.609561, -32.323326, -70.187096, -12.486458, 0.086222, -0.183585, -0.715583, 0.668427, 0.000000, 0.000000, 0.000000, 139.000000, 136.975159, 5.560000, 27.500000, 0.000000, 
0.417000, 19.196051, -0.110795, -1.191687, 0.213190, -0.357540, -0.265384, 1.131175, 0.000000, 0.000000, 0.000000, -4.750161, -11.656703, -1.520332, 0.274852, 0.510750, 12.665512, -32.782162, -71.310623, -12.633554, 0.088895, -0.173276, -0.713335, 0.673215, 0.000000, 0.000000, 0.000000, 139.000000, 136.971329, 5.560000, 27.500000, 0.000000, 
0.417000, 19.292860, 0.011014, -0.484907, -0.015649, -0.191309, -0.004648, 0.445956, 0.000000, 0.000000, 0.000000, -4.769078, -11.742993, -1.495003, 0.114880, 0.371653, 12.756299, -33.243271, -72.444420, -12.779219, 0.094652, -0.174592, -0.716400, 0.668821, 0.000000, 0.000000, 0.000000, 139.062500, 136.973465, 5.562500, 27.500000, 0.000000, 
0.417000, 19.390743, -0.067588, -0.429851, 0.081178, -0.104339, -0.102911, 0.417672, 0.000000, 0.000000, 0.000000, -4.777357, -11.804048, -1.502386, 0.194758, 0.535432, 12.809710, -33.710735, -73.597397, -12.925880, 0.093723, -0.170808, -0.712730, 0.673831, 0.000000, 0.000000, 0.000000, 139.062500, 136.974350, 5.562500, 27.500000, 0.000000, 
0.417000, 19.501160, -0.165929, -0.383771, 0.219391, -0.010154, -0.242893, 0.404772, 0.000000, 0.000000, 0.000000, -4.807831, -11.895540, -1.486658, 0.187882, 0.742363, 12.893417, -34.239986, -74.907387, -13.090642, 0.094763, -0.170505, -0.706582, 0.680208, 0.000000, 0.000000, 0.000000, 139.062500, 136.978027, 5.562500, 27.500000, 0.000000, 
0.417000, 19.609200, 0.021077, -0.260056, -0.359315, -0.077606, 0.368383, 0.235475, 0.000000, 0.000000, 0.000000, -4.843645, -11.982331, -1.508043, 0.457205, 1.491400, 12.918024, -34.761562, -76.198219, -13.251698, 0.094277, -0.158284, -0.688622, 0.701320, 0.000000, 0.000000, 0.000000, 139.000000, 136.983902, 5.560000, 27.500000, 0.000000, 
0.417000, 19.707281, -0.209146, -1.334321, -0.175011, -0.239675, 0.125868, 1.334716, 0.000000, 0.000000, 0.000000, -4.836420, -12.037087, -1.478255, 0.596873, 0.762842, 13.020243, -35.235146, -77.373344, -13.396689, 0.089602, -0.151426, -0.709115, 0.682781, 0.000000, 0.000000, 0.000000, 139.000000, 136.981583, 5.560000, 27.500000, 0.000000, 
0.417000, 19.804321, -0.359481, -0.858340, 0.665543, 0.014754, -0.673347, 0.924817, 0.000000, 0.000000, 0.000000, -4.873117, -12.110400, -1.443003, 0.767234, 1.320213, 13.044423, -35.706287, -78.546104, -13.539095, 0.092072, -0.140823, -0.694957, 0.699084, 0.000000, 0.000000, 0.000000, 139.000000, 136.981827, 5.560000, 27.500000, 0.000000, 
0.417000, 19.901489, 0.188955, -0.757887, -0.504385, -0.375543, 0.580314, 0.621844, 0.000000, 0.000000, 0.000000, -4.894468, -12.199093, -1.465530, 1.137553, 2.480790, 12.941035, -36.181232, -79.728607, -13.679980, 0.091037, -0.122550, -0.666111, 0.730056, 0.000000, 0.000000, 0.000000, 139.000000, 136.983490, 5.560000, 27.500000, 0.000000, 
0.417000, 19.996572, 0.066015, -0.877280, -0.281417, -0.308397, 0.425269, 0.759735, 0.000000, 0.000000, 0.000000, -4.895599, -12.250071, -1.476937, 1.183565, 3.636950, 12.711466, -36.646572, -80.891571, -13.819774, 0.102041, -0.106001, -0.635986, 0.757539, 0.000000, 0.000000, 0.000000, 139.250000, 136.991211, 5.570000, 27.500000, 0.000000, 
0.417000, 20.106850, -0.162939, -1.003013, -0.250035, -0.129807, 0.491462, 0.914713, 0.000000, 0.000000, 0.000000, -4.929361, -12.342918, -1.479184, 1.140895, 4.612983, 12.500003, -37.188484, -82.248398, -13.982945, 0.106367, -0.104828, -0.606381, 0.781019, 0.000000, 0.000000, 0.000000, 139.250000, 137.009613, 5.570000, 27.500000, 0.000000, 
0.417000, 20.203844, -0.045442, 0.589293, 0.293970, 0.209408, -0.496014, -0.381918, 0.000000, 0.000000, 0.000000, -4.961961, -12.406832, -1.501868, 1.202143, 6.798372, 11.538642, -37.668266, -83.450874, -14.128681, 0.118707, -0.084088, -0.537159, 0.830837, 0.000000, 0.000000, 0.000000, 139.250000, 137.021683, 5.570000, 27.500000, 0.000000, 
0.417000, 20.299276, -0.878029, -1.281628, -0.189169, 0.461744, 0.950129, 1.154685, 0.000000, 0.000000, 0.000000, -4.976617, -12.475377, -1.470677, 1.091104, 8.302893, 10.603451, -38.141903, -84.638588, -14.269851, 0.135396, -0.058909, -0.484001, 0.862515, 0.000000, 0.000000, 0.000000, 139.250000, 137.016220, 5.570000, 27.500000, 0.000000, 
0.417000, 20.396795, -0.021348, -0.785937, -0.046135, -0.219310, 0.559434, 0.509125, 0.000000, 0.000000, 0.000000, -5.004649, -12.573440, -1.444789, 0.835689, 10.782248, 8.262389, -38.629486, -85.861168, -14.411679, 0.160836, -0.006670, -0.377366, 0.911962, 0.000000, 0.000000, 0.000000, 138.875000, 137.020447, 5.555000, 27.500000, 0.000000, 
0.417000, 20.507093, 1.071937, 0.404233, -0.077251, -0.835458, -0.770311, -0.164410, 0.000000, 0.000000, 0.000000, -4.943116, -12.514246, -1.475411, -0.482909, 13.109371, 3.335539, -39.178917, -87.245560, -14.571799, 0.207894, 0.074876, -0.192542, 0.956082, 0.000000, 0.000000, 0.000000, 138.875000, 137.010452, 5.555000, 27.500000, 0.000000, 
0.417000, 20.603865, -0.542996, -1.148004, -0.125266, -0.006192, 1.274311, -0.067206, 0.000000, 0.000000, 0.000000, -4.963274, -12.566305, -1.496201, -0.962603, 13.545097, -0.620810, -39.657562, -88.458199, -14.717018, 0.208538, 0.135142, -0.053130, 0.967170, 0.000000, 0.000000, 0.000000, 138.875000, 136.997635, 5.555000, 27.500000, 0.000000, 
0.417000, 20.701700, -0.242445, -0.790640, -0.725452, -0.317914, 0.619732, -0.851477, 0.000000, 0.000000, 0.000000, -5.004297, -12.619740, -1.486148, -1.298869, 12.786665, -4.617415, -40.146191, -89.690880, -14.862437, 0.199290, 0.163448, 0.094672, 0.961560, 0.000000, 0.000000, 0.000000, 138.875000, 136.985443, 5.555000, 27.500000, 0.000000, 
0.417000, 20.810513, -1.233304, -0.473770, 0.030084, 0.910612, 0.695501, -0.658360, 0.000000, 0.000000, 0.000000, -5.050805, -12.665828, -1.497079, -0.844863, 11.280929, -7.758796, -40.692936, -91.066505, -15.026170, 0.160585, 0.186598, 0.214387, 0.945211, 0.000000, 0.000000, 0.000000, 139.187500, 136.990021, 5.567500, 27.500000, 0.000000, 
0.417000, 20.906883, -0.232555, -0.600725, -0.102949, -0.050685, 0.463921, -0.455798, 0.000000, 0.000000, 0.000000, -5.128503, -12.722871, -1.560456, -0.712382, 10.208158, -9.267739, -41.185230, -92.290421, -15.174671, 0.142327, 0.200159, 0.273981, 0.929842, 0.000000, 0.000000, 0.000000, 139.187500, 136.996628, 5.567500, 27.500000, 0.000000, 
0.417000, 21.004272, -0.518763, -0.523218, -0.739384, 0.044163, 0.057338, -1.041299, 0.000000, 0.000000, 0.000000, -5.185914, -12.774237, -1.626800, -0.478555, 9.990165, -9.627342, -41.687866, -93.532356, -15.329610, 0.129477, 0.205055, 0.283657, 0.927749, 0.000000, 0.000000, 0.000000, 139.187500, 136.996521, 5.567500, 27.500000, 0.000000, 
0.417000, 21.114092, 0.011952, -0.150611, 0.507888, 0.089389, 0.328662, 0.405910, 0.000000, 0.000000, 0.000000, -5.235957, -12.801176, -1.729732, 0.112402, 11.911168, -7.237800, -42.261909, -94.937584, -15.516485, 0.134619, 0.176964, 0.175461, 0.959045, 0.000000, 0.000000, 0.000000, 139.187500, 136.986908, 5.567500, 27.500000, 0.000000, 
0.417000, 21.221409, -0.061885, -1.055549, 0.131556, -0.222029, 1.027915, 0.171451, 0.000000, 0.000000, 0.000000, -5.272473, -12.864026, -1.715417, 0.829666, 13.830548, -2.061366, -42.826393, -96.314209, -15.701893, 0.149035, 0.103368, -0.010884, 0.983350, 0.000000, 0.000000, 0.000000, 139.125000, 136.975388, 5.565000, 27.500000, 0.000000, 
0.417000, 21.319050, -0.445179, -0.888007, -0.558703, 0.091590, 1.088601, -0.324695, 0.000000, 0.000000, 0.000000, -5.313656, -12.963223, -1.701561, 1.233313, 13.974756, 1.535321, -43.343365, -97.575592, -15.868215, 0.147798, 0.060846, -0.132332, 0.978230, 0.000000, 0.000000, 0.000000, 139.125000, 136.961685, 5.565000, 27.500000, 0.000000, 
0.417000, 21.416256, 0.359075, -1.429245, 0.673579, -0.657061, 0.820726, 1.232891, 0.000000, 0.000000, 0.000000, -5.344207, -13.059178, -1.686047, 1.127913, 13.506586, 4.271053, -43.862396, -98.839798, -16.034336, 0.155876, 0.033675, -0.223810, 0.961493, 0.000000, 0.000000, 0.000000, 139.125000, 136.948959, 5.565000, 27.500000, 0.000000, 
0.417000, 21.525627, -0.688012, -0.377299, -0.246639, 0.526813, 0.631649, 0.004763, 0.000000, 0.000000, 0.000000, -5.375433, -13.143328, -1.663735, 1.348890, 13.189972, 5.349040, -44.447788, -100.274277, -16.216158, 0.148343, 0.017240, -0.258561, 0.954377, 0.000000, 0.000000, 0.000000, 138.937500, 136.941360, 5.557500, 27.500000, 0.000000, 
0.417000, 21.635197, -0.745936, -0.711891, 0.060022, 0.515285, 0.682962, 0.578653, 0.000000, 0.000000, 0.000000, -5.417259, -13.196009, -1.650307, 1.246500, 12.039418, 7.726589, -45.039291, -101.717186, -16.397236, 0.153019, -0.000350, -0.344125, 0.926367, 0.000000, 0.000000, 0.000000, 138.937500, 136.922562, 5.557500, 27.500000, 0.000000, 
0.417000, 21.732306, -0.252419, -1.914303, 0.728380, -0.259680, 0.535244, 1.976061, 0.000000, 0.000000, 0.000000, -5.439221, -13.317116, -1.668158, 0.953306, 10.048440, 10.384124, -45.566383, -103.005119, -16.559477, 0.161137, -0.020532, -0.447890, 0.879204, 0.000000, 0.000000, 0.000000, 138.937500, 136.903610, 5.557500, 27.500000, 0.000000, 
0.417000, 21.843817, -0.246754, -1.578335, -0.417541, -0.313283, 0.992559, 1.281798, 0.000000, 0.000000, 0.000000, -5.464683, -13.459127, -1.694831, 0.717055, 7.555855, 12.500987, -46.174385, -104.499199, -16.746824, 0.166437, -0.037272, -0.544008, 0.821557, 0.000000, 0.000000, 0.000000, 138.937500, 136.881546, 5.557500, 27.500000, 0.000000, 
0.417000, 21.951283, -0.776502, -0.899567, -0.322959, 0.434372, 0.741944, 0.881643, 0.000000, 0.000000, 0.000000, -5.486032, -13.588020, -1.709960, 1.059822, 6.888602, 13.002893, -46.763729, -105.953171, -16.930290, 0.157935, -0.029534, -0.569687, 0.805998, 0.000000, 0.000000, 0.000000, 138.875000, 136.862549, 5.555000, 27.500000, 0.000000, 
0.417000, 22.050123, -0.955465, -0.589154, -0.159138, 0.722816, 0.583993, 0.649469, 0.000000, 0.000000, 0.000000, -5.532247, -13.716265, -1.735343, 1.165265, 8.039181, 12.480517, -47.308529, -107.304115, -17.100605, 0.153637, -0.026502, -0.534591, 0.830601, 0.000000, 0.000000, 0.000000, 138.875000, 136.835800, 5.555000, 27.500000, 0.000000, 
0.417000, 22.149090, -0.288223, -0.548542, 0.007157, 0.132254, 0.337502, 0.502610, 0.000000, 0.000000, 0.000000, -5.552629, -13.724637, -1.721063, 1.484007, 9.617933, 11.289328, -47.857616, -108.661293, -17.271376, 0.147083, -0.009036, -0.479457, 0.865100, 0.000000, 0.000000, 0.000000, 138.875000, 136.810181, 5.555000, 27.500000, 0.000000, 
0.417000, 22.258451, 0.571937, -0.796116, -0.006598, -0.731662, 0.434152, 0.486953, 0.000000, 0.000000, 0.000000, -5.534428, -13.856811, -1.697786, 2.219375, 11.867145, 8.931143, -48.464214, -110.171700, -17.458078, 0.116122, -0.008113, -0.377191, 0.918787, 0.000000, 0.000000, 0.000000, 138.875000, 136.791061, 5.555000, 27.500000, 0.000000, 
0.417000, 22.366499, -0.250746, -0.382316, 0.047495, 0.216325, 0.348331, 0.207751, 0.000000, 0.000000, 0.000000, -5.548813, -13.929678, -1.724000, 4.068505, 13.798958, 4.563970, -49.062931, -111.672661, -17.642820, 0.054398, 0.024698, -0.228897, 0.971611, 0.000000, 0.000000, 0.000000, 139.187500, 136.793671, 5.567500, 27.500000, 0.000000, 
0.417000, 22.464397, -0.396243, -0.494265, 0.178984, 0.409980, 0.439647, 0.268256, 0.000000, 0.000000, 0.000000, -5.588913, -13.974839, -1.719532, 5.282698, 14.098471, 1.676680, -49.608269, -113.038544, -17.811747, 0.010702, 0.052724, -0.140025, 0.988681, 0.000000, 0.000000, 0.000000, 139.187500, 136.793976, 5.567500, 27.500000, 0.000000, 
0.417000, 22.561369, -0.661025, -0.718535, 0.186553, 0.715235, 0.660590, 0.200233, 0.000000, 0.000000, 0.000000, -5.655827, -14.020070, -1.716172, 6.046607, 13.959169, -0.268919, -50.153687, -114.395866, -17.978247, -0.018969, 0.071680, -0.081392, 0.993916, 0.000000, 0.000000, 0.000000, 139.187500, 136.796432, 5.567500, 27.500000, 0.000000, 
0.417000, 22.655312, -0.023671, 0.554110, -0.402695, -0.095844, -0.532454, -0.420784, 0.000000, 0.000000, 0.000000, -5.725789, -14.075521, -1.726470, 6.243190, 13.772014, -2.288214, -50.690056, -115.716713, -18.139683, -0.032995, 0.100740, -0.023245, 0.994090, 0.000000, 0.000000, 0.000000, 139.187500, 136.803787, 5.567500, 27.500000, 0.000000, 
0.417000, 22.754400, -0.538473, -0.413399, -0.360487, 0.486946, 0.361421, -0.472283, 0.000000, 0.000000, 0.000000, -5.755903, -14.100524, -1.733921, 6.399929, 13.539457, -3.268317, -51.258762, -117.111359, -18.310738, -0.041239, 0.099872, 0.011263, 0.994077, 0.000000, 0.000000, 0.000000, 139.000000, 136.790451, 5.560000, 27.500000, 0.000000, 
0.417000, 22.852921, -0.683420, -1.305838, 0.129103, 0.780520, 1.241110, -0.198352, 0.000000, 0.000000, 0.000000, -5.822482, -14.183496, -1.785640, 6.080844, 13.353132, -4.793195, -51.829422, -118.504791, -18.485212, -0.041350, 0.134236, 0.049973, 0.988820, 0.000000, 0.000000, 0.000000, 139.000000, 136.772705, 5.560000, 27.500000, 0.000000, 
0.417000, 22.961613, -0.694468, -0.869975, -0.751809, 0.542172, 0.704177, -1.007230, 0.000000, 0.000000, 0.000000, -5.866835, -14.263004, -1.797508, 5.940631, 13.390332, -5.146651, -52.464195, -120.051498, -18.679428, -0.031186, 0.113657, 0.071427, 0.990454, 0.000000, 0.000000, 0.000000, 139.000000, 136.759003, 5.560000, 27.500000, 0.000000, 
0.417000, 23.057783, 0.120765, -0.206225, -1.405899, -0.423940, 0.015241, -1.361497, 0.000000, 0.000000, 0.000000, -5.874748, -14.285199, -1.841299, 5.909935, 13.403069, -5.234157, -53.028961, -121.424339, -18.854872, -0.029598, 0.110894, 0.074190, 0.990613, 0.000000, 0.000000, 0.000000, 139.000000, 136.742798, 5.560000, 27.500000, 0.000000, 
0.417000, 23.156317, -0.157616, -1.047049, -0.377155, 0.117995, 0.991614, -0.515907, 0.000000, 0.000000, 0.000000, -5.896283, -14.356147, -1.895943, 5.972845, 13.668763, -4.684645, -53.608727, -122.835030, -19.040201, -0.028126, 0.108229, 0.052907, 0.992315, 0.000000, 0.000000, 0.000000, 139.062500, 136.722122, 5.562500, 27.500000, 0.000000, 
0.417000, 23.266056, -0.515179, -0.659805, 0.414176, 0.616607, 0.650574, 0.262354, 0.000000, 0.000000, 0.000000, -5.927122, -14.452971, -1.882615, 6.066199, 13.980729, -3.911514, -54.257504, -124.416191, -19.248310, -0.025268, 0.100125, 0.028712, 0.994236, 0.000000, 0.000000, 0.000000, 139.062500, 136.703781, 5.562500, 27.500000, 0.000000, 
0.417000, 23.360352, -0.680210, -0.824853, -0.485227, 0.629741, 0.768157, -0.625980, 0.000000, 0.000000, 0.000000, -5.985510, -14.527870, -1.873006, 6.307055, 14.094346, -3.458307, -54.819214, -125.783157, -19.424311, -0.026761, 0.083593, 0.019262, 0.995950, 0.000000, 0.000000, 0.000000, 139.062500, 136.694962, 5.562500, 27.500000, 0.000000, 
0.417000, 23.457628, -0.481637, -0.867928, -0.230321, 0.484328, 0.834403, -0.327874, 0.000000, 0.000000, 0.000000, -6.043787, -14.625201, -1.904567, 6.408628, 14.223525, -3.266193, -55.404919, -127.201965, -19.608482, -0.025906, 0.074192, 0.015023, 0.996790, 0.000000, 0.000000, 0.000000, 138.937500, 136.677719, 5.557500, 27.500000, 0.000000, 
0.417000, 23.566256, -0.581522, -0.948757, -0.600348, 0.537739, 0.917330, -0.684135, 0.000000, 0.000000, 0.000000, -6.087517, -14.704920, -1.934502, 6.410167, 14.403279, -2.913063, -56.063374, -128.795120, -19.815708, -0.022058, 0.066045, 0.005180, 0.997555, 0.000000, 0.000000, 0.000000, 138.937500, 136.654022, 5.557500, 27.500000, 0.000000, 
0.417000, 23.662092, -0.879957, -0.085906, -1.425838, 0.715923, 0.036978, -1.516824, 0.000000, 0.000000, 0.000000, -6.098738, -14.773620, -1.962782, 6.330400, 14.524016, -2.877763, -56.647659, -130.208862, -20.001839, -0.017207, 0.056361, 0.007266, 0.998231, 0.000000, 0.000000, 0.000000, 138.937500, 136.630432, 5.557500, 27.500000, 0.000000, 
0.417000, 23.761162, -0.104465, -0.610352, 1.022453, 0.230344, 0.607824, 1.003156, 0.000000, 0.000000, 0.000000, -6.119729, -14.814337, -1.926530, 6.368247, 14.601115, -2.622185, -57.253368, -131.674637, -20.195837, -0.016499, 0.052129, 0.001484, 0.998499, 0.000000, 0.000000, 0.000000, 138.937500, 136.600800, 5.557500, 27.500000, 0.000000, 
0.417000, 23.871464, -0.401727, -1.232862, -0.976946, 0.326319, 1.182841, -1.063069, 0.000000, 0.000000, 0.000000, -6.145087, -14.930981, -1.941273, 6.417330, 14.592502, -3.215142, -57.929504, -133.315460, -20.407347, -0.019724, 0.060239, 0.017423, 0.997833, 0.000000, 0.000000, 0.000000, 139.000000, 136.580780, 5.560000, 27.500000, 0.000000, 
0.417000, 23.981291, -0.321454, -0.974491, -0.278213, 0.317069, 0.924347, -0.418809, 0.000000, 0.000000, 0.000000, -6.149409, -15.037548, -1.999813, 6.405713, 14.414232, -4.374345, -58.604233, -134.962219, -20.624874, -0.024422, 0.072794, 0.049257, 0.995827, 0.000000, 0.000000, 0.000000, 139.000000, 136.559525, 5.560000, 27.500000, 0.000000, 
0.417000, 24.077890, -0.284984, -0.645987, -0.006957, 0.308813, 0.616726, -0.151126, 0.000000, 0.000000, 0.000000, -6.157600, -15.143314, -2.028670, 6.416861, 14.222501, -5.281238, -59.198730, -136.421082, -20.820215, -0.028845, 0.080635, 0.075508, 0.993457, 0.000000, 0.000000, 0.000000, 139.000000, 136.537643, 5.560000, 27.500000, 0.000000, 
0.417000, 24.175575, -0.543188, -0.783397, 0.088981, 0.587683, 0.733964, -0.180534, 0.000000, 0.000000, 0.000000, -6.210557, -15.222733, -2.033333, 6.462061, 13.852455, -6.386224, -59.803177, -137.904556, -21.019226, -0.034401, 0.089235, 0.109232, 0.989401, 0.000000, 0.000000, 0.000000, 139.000000, 136.513596, 5.560000, 27.500000, 0.000000, 
0.417000, 24.284880, -0.385706, -0.659809, -0.495600, 0.296485, 0.426232, -0.748429, 0.000000, 0.000000, 0.000000, -6.263772, -15.287545, -2.043264, 6.372339, 13.083449, -8.082758, -60.485413, -139.571991, -21.241575, -0.041900, 0.106879, 0.161068, 0.980240, 0.000000, 0.000000, 0.000000, 138.937500, 136.489853, 5.557500, 27.500000, 0.000000, 
0.417000, 24.381781, -0.594967, -0.740857, -0.356092, 0.528579, 0.468318, -0.728645, 0.000000, 0.000000, 0.000000, -6.313598, -15.323565, -2.089486, 6.390905, 12.453234, -9.116357, -61.095135, -141.054672, -21.442196, -0.048584, 0.113711, 0.194173, 0.973138, 0.000000, 0.000000, 0.000000, 138.937500, 136.463379, 5.557500, 27.500000, 0.000000, 
0.417000, 24.478945, -0.045024, -0.927152, 0.077359, 0.105736, 0.866699, -0.324440, 0.000000, 0.000000, 0.000000, -6.334855, -15.379451, -2.120657, 6.234245, 12.223793, -9.636576, -61.710125, -142.546539, -21.647278, -0.050157, 0.126045, 0.206451, 0.969003, 0.000000, 0.000000, 0.000000, 138.937500, 136.434311, 5.557500, 27.500000, 0.000000, 
0.417000, 24.588932, -0.446269, -1.104723, -0.301715, 0.401239, 0.817966, -0.824934, 0.000000, 0.000000, 0.000000, -6.374300, -15.502478, -2.130127, 6.284020, 12.289709, -9.745021, -62.409420, -144.245728, -21.881014, -0.049473, 0.123145, 0.209356, 0.968788, 0.000000, 0.000000, 0.000000, 138.937500, 136.404099, 5.557500, 27.500000, 0.000000, 
0.417000, 24.696177, -0.135817, -0.824538, -0.316509, 0.073050, 0.600259, -0.657897, 0.000000, 0.000000, 0.000000, -6.402972, -15.594309, -2.169358, 6.097189, 12.333809, -9.979150, -63.095074, -145.914062, -22.111660, -0.045385, 0.128682, 0.212952, 0.967484, 0.000000, 0.000000, 0.000000, 139.062500, 136.387711, 5.562500, 27.500000, 0.000000, 
0.417000, 24.806124, -0.218799, -0.707445, -0.648549, 0.051310, 0.337783, -0.923159, 0.000000, 0.000000, 0.000000, -6.429930, -15.674375, -2.209704, 6.008914, 12.263668, -10.266625, -63.800591, -147.633423, -22.352060, -0.044665, 0.132595, 0.219415, 0.965543, 0.000000, 0.000000, 0.000000, 139.062500, 136.364609, 5.562500, 27.500000, 0.000000, 
0.417000, 24.914984, -0.441789, -0.708275, -0.352577, 0.341478, 0.421765, -0.725697, 0.000000, 0.000000, 0.000000, -6.459656, -15.769289, -2.247484, 5.956322, 12.234570, -10.501506, -64.502228, -149.345535, -22.595007, -0.044946, 0.136781, 0.223495, 0.964009, 0.000000, 0.000000, 0.000000, 139.062500, 136.340698, 5.562500, 27.500000, 0.000000, 
0.417000, 25.024521, -0.032164, -0.829108, -0.332844, -0.044099, 0.593531, -0.667085, 0.000000, 0.000000, 0.000000, -6.476981, -15.850959, -2.285156, 5.937243, 12.207375, -10.684124, -65.210907, -151.077835, -22.843287, -0.045055, 0.137546, 0.227404, 0.962980, 0.000000, 0.000000, 0.000000, 139.187500, 136.317368, 5.567500, 27.500000, 0.000000, 
0.417000, 25.121696, -0.158999, -0.355850, -0.534876, 0.011278, 0.058297, -0.659143, 0.000000, 0.000000, 0.000000, -6.486463, -15.916012, -2.316694, 5.971102, 12.129245, -10.862012, -65.840858, -152.622299, -23.066839, -0.045696, 0.134858, 0.233200, 0.961943, 0.000000, 0.000000, 0.000000, 139.187500, 136.297638, 5.567500, 27.500000, 0.000000, 
0.417000, 25.220268, -0.398962, -0.496218, 0.080541, 0.420545, 0.410810, -0.257412, 0.000000, 0.000000, 0.000000, -6.513607, -15.994771, -2.337341, 6.085503, 12.053977, -11.017551, -66.481514, -154.195709, -23.296522, -0.048905, 0.133512, 0.237412, 0.960943, 0.000000, 0.000000, 0.000000, 139.187500, 136.273117, 5.567500, 27.500000, 0.000000, 
0.417000, 25.327831, -0.402959, -0.764422, -0.450265, 0.278815, 0.407612, -0.839973, 0.000000, 0.000000, 0.000000, -6.551269, -16.070923, -2.357578, 6.103776, 12.033614, -11.166151, -67.184799, -155.920380, -23.548475, -0.051798, 0.139399, 0.238053, 0.959795, 0.000000, 0.000000, 0.000000, 139.187500, 136.257309, 5.567500, 27.500000, 0.000000, 
0.417000, 25.436192, -0.464072, -0.606133, -0.176200, 0.413541, 0.386325, -0.541788, 0.000000, 0.000000, 0.000000, -6.588228, -16.149660, -2.390389, 6.195136, 12.244145, -11.028440, -67.896996, -157.666687, -23.806057, -0.053845, 0.142099, 0.228565, 0.961592, 0.000000, 0.000000, 0.000000, 138.937500, 136.225220, 5.557500, 27.500000, 0.000000, 
0.417000, 25.535669, -0.106486, -0.816530, -0.143045, 0.098242, 0.665067, -0.496534, 0.000000, 0.000000, 0.000000, -6.616421, -16.242285, -2.394970, 6.382417, 12.665576, -10.590919, -68.554451, -159.278885, -24.044563, -0.054776, 0.139337, 0.211200, 0.965904, 0.000000, 0.000000, 0.000000, 138.937500, 136.180283, 5.557500, 27.500000, 0.000000, 
0.417000, 25.644560, 0.016824, -0.817332, 0.743519, 0.229587, 1.040454, 0.293020, 0.000000, 0.000000, 0.000000, -6.621500, -16.333055, -2.382746, 6.356205, 12.649508, -10.764479, -69.275581, -161.052887, -24.305826, -0.052526, 0.135259, 0.218508, 0.964983, 0.000000, 0.000000, 0.000000, 138.937500, 136.143295, 5.557500, 27.500000, 0.000000, 
0.417000, 25.740660, -0.051471, -0.713677, -0.269245, -0.037760, 0.406407, -0.646432, 0.000000, 0.000000, 0.000000, -6.625350, -16.452599, -2.325422, 5.473135, 10.681093, -13.264421, -69.911880, -162.629318, -24.531031, -0.042674, 0.143562, 0.313963, 0.937544, 0.000000, 0.000000, 0.000000, 138.937500, 136.116791, 5.557500, 27.500000, 0.000000, 
0.417000, 25.838505, 1.182972, 0.525912, -1.046267, -1.391897, -0.897880, 0.164512, 0.000000, 0.000000, 0.000000, -6.629080, -16.429159, -2.406140, 3.818742, 6.675835, -16.139904, -70.561386, -164.238434, -24.761267, -0.026236, 0.165808, 0.447226, 0.878521, 0.000000, 0.000000, 0.000000, 139.000000, 136.090759, 5.560000, 27.500000, 0.000000, 
0.417000, 25.948689, -0.749191, -0.615978, -0.155745, 0.576609, 0.021692, -0.794990, 0.000000, 0.000000, 0.000000, -6.647648, -16.470142, -2.493647, 3.361977, 4.822517, -16.944332, -71.292313, -166.050934, -25.032896, -0.025008, 0.171152, 0.496743, 0.850482, 0.000000, 0.000000, 0.000000, 139.000000, 136.055588, 5.560000, 27.500000, 0.000000, 
0.417000, 26.047508, -0.514909, -0.784701, -0.350625, 0.282678, -0.015164, -0.961078, 0.000000, 0.000000, 0.000000, -6.702422, -16.560698, -2.486412, 3.574998, 4.706142, -17.041946, -71.952652, -167.684097, -25.278908, -0.028558, 0.167072, 0.500376, 0.849051, 0.000000, 0.000000, 0.000000, 139.000000, 136.019119, 5.560000, 27.500000, 0.000000, 
0.417000, 26.144407, -0.401314, -0.774343, -0.254778, 0.209636, 0.091224, -0.879369, 0.000000, 0.000000, 0.000000, -6.726902, -16.620575, -2.517241, 3.632459, 4.830629, -17.067402, -72.603355, -169.291931, -25.521984, -0.028195, 0.165359, 0.497451, 0.851114, 0.000000, 0.000000, 0.000000, 139.000000, 135.988052, 5.560000, 27.500000, 0.000000, 
0.417000, 26.241735, -0.306664, -0.653536, -0.596583, 0.026323, -0.235769, -0.905963, 0.000000, 0.000000, 0.000000, -6.754602, -16.685707, -2.541101, 3.550990, 4.853301, -17.155914, -73.259773, -170.913483, -25.767948, -0.024971, 0.165684, 0.498031, 0.850813, 0.000000, 0.000000, 0.000000, 138.937500, 135.952011, 5.557500, 27.500000, 0.000000, 
0.417000, 26.350698, -0.042599, -0.523253, -0.423810, -0.153350, -0.085258, -0.651484, 0.000000, 0.000000, 0.000000, -6.776633, -16.759432, -2.586910, 3.517815, 5.322326, -17.110989, -73.997391, -172.736511, -26.047806, -0.020173, 0.164457, 0.487271, 0.857383, 0.000000, 0.000000, 0.000000, 138.937500, 135.914795, 5.557500, 27.500000, 0.000000, 
0.417000, 26.458773, -0.037069, -0.352267, -0.158399, -0.056763, 0.061087, -0.378947, 0.000000, 0.000000, 0.000000, -6.794258, -16.820576, -2.623134, 3.526251, 5.993231, -16.959244, -74.730568, -174.551865, -26.329754, -0.016953, 0.164413, 0.470356, 0.866856, 0.000000, 0.000000, 0.000000, 138.937500, 135.878723, 5.557500, 27.500000, 0.000000, 
0.417000, 26.556925, -0.278231, -0.622967, -0.361783, 0.073425, 0.040958, -0.767665, 0.000000, 0.000000, 0.000000, -6.833723, -16.903469, -2.637661, 3.499212, 6.857796, -16.736340, -75.399796, -176.207703, -26.587875, -0.012678, 0.166664, 0.448494, 0.878013, 0.000000, 0.000000, 0.000000, 139.000000, 135.839798, 5.560000, 27.500000, 0.000000, 
0.417000, 26.666857, -0.138910, -0.520178, -0.576416, -0.112846, -0.119195, -0.771482, 0.000000, 0.000000, 0.000000, -6.864221, -16.981182, -2.646846, 3.472665, 7.867703, -16.386524, -76.152832, -178.070801, -26.877935, -0.007589, 0.168601, 0.422305, 0.890599, 0.000000, 0.000000, 0.000000, 139.000000, 135.806564, 5.560000, 27.500000, 0.000000, 
0.417000, 26.776262, -0.104648, -0.094745, 0.172413, 0.140264, 0.172796, 0.010989, 0.000000, 0.000000, 0.000000, -6.882817, -17.040543, -2.658505, 3.467731, 9.051390, -15.838641, -76.904869, -179.932312, -27.169216, -0.003021, 0.171359, 0.389210, 0.905060, 0.000000, 0.000000, 0.000000, 139.000000, 135.774872, 5.560000, 27.500000, 0.000000, 
0.417000, 26.885935, -0.182568, -0.933707, -0.230198, -0.019841, 0.527010, -0.824611, 0.000000, 0.000000, 0.000000, -6.899518, -17.119400, -2.658170, 3.468911, 10.267776, -15.174883, -77.660866, -181.805222, -27.461044, 0.002918, 0.172295, 0.354755, 0.918938, 0.000000, 0.000000, 0.000000, 139.000000, 135.745316, 5.560000, 27.500000, 0.000000, 
0.417000, 26.984760, 0.082525, -0.674418, -0.318119, -0.276581, 0.316852, -0.621248, 0.000000, 0.000000, 0.000000, -6.896423, -17.190453, -2.695487, 3.110225, 10.628941, -15.089220, -78.342773, -183.501541, -27.725702, 0.011411, 0.178221, 0.346208, 0.920999, 0.000000, 0.000000, 0.000000, 139.312500, 135.727554, 5.572500, 27.500000, 0.000000, 
0.417000, 27.080524, -0.106650, -0.748092, -0.316293, -0.118553, 0.352559, -0.729859, 0.000000, 0.000000, 0.000000, -6.908846, -17.261570, -2.714807, 2.910123, 10.638232, -15.212419, -79.003967, -185.151810, -27.984465, 0.014193, 0.183014, 0.347495, 0.919534, 0.000000, 0.000000, 0.000000, 139.312500, 135.722382, 5.572500, 27.500000, 0.000000, 
0.417000, 27.188412, -0.355641, -0.642043, 0.112146, 0.267447, 0.523126, -0.453959, 0.000000, 0.000000, 0.000000, -6.934161, -17.334969, -2.726326, 2.827785, 10.695108, -15.284929, -79.750786, -187.018753, -28.278439, 0.014894, 0.186360, 0.346885, 0.919081, 0.000000, 0.000000, 0.000000, 139.312500, 135.718811, 5.572500, 27.500000, 0.000000, 
0.417000, 27.286713, -0.309101, -0.855872, -0.101397, 0.115039, 0.559942, -0.715234, 0.000000, 0.000000, 0.000000, -6.967360, -17.397024, -2.721709, 2.750978, 10.894117, -15.243127, -80.434311, -188.726044, -28.546038, 0.016999, 0.189197, 0.342280, 0.920191, 0.000000, 0.000000, 0.000000, 139.312500, 135.705872, 5.572500, 27.500000, 0.000000, 
0.417000, 27.396605, 0.025244, -0.920188, -0.730137, -0.439715, 0.282794, -1.052207, 0.000000, 0.000000, 0.000000, -6.990161, -17.484343, -2.760984, 2.392411, 11.551924, -14.933566, -81.201820, -190.642853, -28.846926, 0.026131, 0.197437, 0.323931, 0.924877, 0.000000, 0.000000, 0.000000, 139.125000, 135.683823, 5.565000, 27.500000, 0.000000
